mysql> SELECT * FROM Account;
+----+-----------------+----------+---------------------+---------------------+
| id | email           | password | createOn            | midifiedOn          |
+----+-----------------+----------+---------------------+---------------------+
|  1 | fasdf@kdnfl.com | 1234hdf  | 2017-04-09 00:00:00 | 2017-04-11 00:00:00 |
+----+-----------------+----------+---------------------+---------------------+
1 row in set (0.00 sec)

mysql> SELECT * FROM AddressBook;
+----+-----------+------------+---------------------+------------+
| id | accoundId | name       | createOn            | midifiedOn |
+----+-----------+------------+---------------------+------------+
|  1 |         1 | John Smith | 2017-04-10 00:00:00 | NULL       |
+----+-----------+------------+---------------------+------------+
1 row in set (0.00 sec)

mysql> SELECT * FROM Entry;
+----+---------------+-----------+----------+---------------------+-------+---------+----------------+----------------+------------------+-----------------+-----------------+
| id | addressBookId | firstName | lastName | birthday            | type  | subtype | contentLineOne | contentLineTwo | contentLineThree | contentLineFour | contentLineFive |
+----+---------------+-----------+----------+---------------------+-------+---------+----------------+----------------+------------------+-----------------+-----------------+
|  1 |             1 | John      | Smith    | 1998-03-17 00:00:00 | home  | phone   | NULL           | NULL           | NULL             | NULL            | NULL            |
|  2 |             2 | Ivan      | Kelly    | 2004-06-02 00:00:00 | work  | address | NULL           | NULL           | NULL             | NULL            | NULL            |
|  3 |             3 | David     | Thompson | 1995-08-01 00:00:00 | other | email   | NULL           | NULL           | NULL             | NULL            | NULL            |
+----+---------------+-----------+----------+---------------------+-------+---------+----------------+----------------+------------------+-----------------+-----------------+
3 rows in set (0.00 sec)

mysql> 